{
  "property": "boiling_point",
  "property_name": "沸点",
  "total_samples": 1997,
  "train_samples": 1399,
  "val_samples": 200,
  "test_samples": 398,
  "baseline": {
    "rmse": 8.39015322476869,
    "mae": 6.601588630611233,
    "r2": 0.9740014501917694,
    "mape": 4.560281210844564,
    "correlation": 0.9870676654066605,
    "n_samples": 398,
    "model_path": "C:\\Users\\10179\\Desktop\\MolPropLab\\ml\\saved_models\\baseline_boiling_point_v1.pkl"
  },
  "gnn": {
    "rmse": 16.36950692430392,
    "mae": 12.941608674749107,
    "r2": 0.9010352492064115,
    "mape": 9.327894898009601,
    "correlation": 0.9493965305362708,
    "n_samples": 398,
    "model_path": "C:\\Users\\10179\\Desktop\\MolPropLab\\ml\\saved_models\\gnn_boiling_point_v1.pth"
  },
  "better_model": "baseline"
}