{
  "property": "flash_point",
  "property_name": "闪点",
  "total_samples": 1996,
  "train_samples": 1398,
  "val_samples": 200,
  "test_samples": 398,
  "baseline": {
    "rmse": 7.014759694979895,
    "mae": 5.473175550197139,
    "r2": 0.939088724588286,
    "mape": 17.547784092828376,
    "correlation": 0.9696838989163195,
    "n_samples": 398,
    "model_path": "C:\\Users\\10179\\Desktop\\MolPropLab\\ml\\saved_models\\baseline_flash_point_v1.pkl"
  },
  "gnn": {
    "rmse": 12.730230344954578,
    "mae": 10.108072551237601,
    "r2": 0.7993936753161641,
    "mape": 34.4849736554522,
    "correlation": 0.897363219864103,
    "n_samples": 398,
    "model_path": "C:\\Users\\10179\\Desktop\\MolPropLab\\ml\\saved_models\\gnn_flash_point_v1.pth"
  },
  "better_model": "baseline"
}