{
  "property": "logp",
  "property_name": "LogP (脂溶性)",
  "total_samples": 1971,
  "train_samples": 1379,
  "val_samples": 198,
  "test_samples": 394,
  "baseline": {
    "rmse": 0.018027597136679726,
    "mae": 0.006768764483016757,
    "r2": 0.9997801652494412,
    "mape": 0.7334758843848167,
    "correlation": 0.9998907106842623,
    "n_samples": 394,
    "model_path": "C:\\Users\\10179\\Desktop\\MolPropLab\\ml\\saved_models\\baseline_logp_v1.pkl"
  },
  "gnn": {
    "rmse": 0.20592281133382656,
    "mae": 0.16557777974794635,
    "r2": 0.97131666971163,
    "mape": 21.966287668150528,
    "correlation": 0.988401320688224,
    "n_samples": 394,
    "model_path": "C:\\Users\\10179\\Desktop\\MolPropLab\\ml\\saved_models\\gnn_logp_v1.pth"
  },
  "better_model": "baseline"
}