{
  "property": "logs",
  "property_name": "LogS (水溶解度)",
  "total_samples": 1991,
  "train_samples": 1393,
  "val_samples": 200,
  "test_samples": 398,
  "baseline": {
    "rmse": 0.019113906773859865,
    "mae": 0.010048930255890896,
    "r2": 0.9996092307667934,
    "mape": 2.2591356440605184,
    "correlation": 0.9998064941043657,
    "n_samples": 398,
    "model_path": "C:\\Users\\10179\\Desktop\\MolPropLab\\ml\\saved_models\\baseline_logs_v1.pkl"
  },
  "gnn": {
    "rmse": 0.16818077701216702,
    "mae": 0.13802322659103314,
    "r2": 0.9697466030970664,
    "mape": 43.757934199953624,
    "correlation": 0.992104239700515,
    "n_samples": 398,
    "model_path": "C:\\Users\\10179\\Desktop\\MolPropLab\\ml\\saved_models\\gnn_logs_v1.pth"
  },
  "better_model": "baseline"
}