{
  "property": "refractive_index",
  "property_name": "折射率",
  "total_samples": 1980,
  "train_samples": 1386,
  "val_samples": 396,
  "test_samples": 198,
  "baseline": {
    "rmse": 0.005908623103521117,
    "mae": 0.004652905544169766,
    "r2": 0.987049399294598,
    "mape": 0.3390156205184541,
    "correlation": 0.9936280992150864,
    "n_samples": 198,
    "model_path": "C:\\Users\\10179\\Desktop\\MolPropLab\\ml\\saved_models\\baseline_refractive_index_v1.pkl"
  },
  "gnn": {
    "rmse": 0.014723371080138895,
    "mae": 0.011215760358592005,
    "r2": 0.9195859653553126,
    "mape": 0.8200215897003534,
    "correlation": 0.960205478859677,
    "n_samples": 198,
    "model_path": "C:\\Users\\10179\\Desktop\\MolPropLab\\ml\\saved_models\\gnn_refractive_index_v1.pth"
  },
  "better_model": "baseline"
}